{"accuracy": [0.5910958647727966, 0.7773972749710083, 0.8807240724563599, 0.9450097680091858, 0.9716242551803589, 0.9815068244934082, 0.9929549694061279], "loss": [1.2578022480010986, 0.6380230784416199, 0.35670942068099976, 0.1878516525030136, 0.11087915301322937, 0.07312768697738647, 0.03599347174167633], "val_accuracy": [0.6708415150642395, 0.7291585206985474, 0.7502935528755188, 0.7358121275901794, 0.7228962779045105, 0.7334638237953186, 0.7354207634925842], "val_loss": [0.8971779942512512, 0.7716583609580994, 0.7747148871421814, 0.9345460534095764, 1.0236924886703491, 1.190977931022644, 1.2244584560394287]}