{"accuracy": [0.4551859200000763, 0.5173189640045166, 0.5585127472877502, 0.6132093667984009, 0.6392368078231812, 0.6648728251457214, 0.6799412965774536, 0.7045009732246399, 0.7174168229103088, 0.7366927862167358, 0.7508805990219116, 0.7484344244003296, 0.7558708190917969, 0.766438364982605], "loss": [2.2706542015075684, 1.2334140539169312, 1.1284754276275635, 1.0130136013031006, 0.9375706315040588, 0.8597254157066345, 0.826651930809021, 0.7542687058448792, 0.7050501108169556, 0.6496341824531555, 0.6021587252616882, 0.6214856505393982, 0.5991026759147644, 0.5444821715354919], "val_accuracy": [0.30136987566947937, 0.3675146698951721, 0.6544031500816345, 0.6931506991386414, 0.7017612457275391, 0.5123287439346313, 0.7260273694992065, 0.7839530110359192, 0.8168297410011292, 0.6254402995109558, 0.7037181854248047, 0.7530332803726196, 0.7596868872642517, 0.8109589219093323], "val_loss": [2.508063554763794, 1.4076387882232666, 1.4071520566940308, 1.0168888568878174, 0.8147574663162231, 1.6311588287353516, 0.7614519596099854, 0.6653241515159607, 0.5749763250350952, 1.6839572191238403, 0.7977670431137085, 0.9035345315933228, 0.7880074977874756, 0.681348443031311]}