{"accuracy": [0.1960861086845398, 0.22015655040740967, 0.2331702560186386, 0.2312133014202118, 0.2411937415599823, 0.24549901485443115, 0.24305284023284912, 0.24677103757858276, 0.24686887860298157, 0.2523483335971832, 0.25636008381843567, 0.25479450821876526, 0.25675147771835327, 0.2587084174156189, 0.25606653094291687, 0.2581213414669037, 0.2605675160884857, 0.2617416977882385, 0.2605675160884857, 0.26467710733413696, 0.2579256296157837, 0.2596868872642517, 0.2587084174156189], "loss": [1.7892231941223145, 1.7067432403564453, 1.6687910556793213, 1.653882384300232, 1.6422032117843628, 1.6312975883483887, 1.6215933561325073, 1.6173443794250488, 1.6090704202651978, 1.6032346487045288, 1.5969058275222778, 1.5956932306289673, 1.5947881937026978, 1.5878844261169434, 1.5883960723876953, 1.5777713060379028, 1.5794599056243896, 1.5802127122879028, 1.5783214569091797, 1.5692447423934937, 1.5705058574676514, 1.5724575519561768, 1.5757848024368286], "val_accuracy": [0.24540117383003235, 0.3056751489639282, 0.28923678398132324, 0.31741681694984436, 0.30763208866119385, 0.3299413025379181, 0.3283757269382477, 0.34168297052383423, 0.35929548740386963, 0.3459882438182831, 0.38043051958084106, 0.36399218440055847, 0.3553816080093384, 0.3561643958091736, 0.35303327441215515, 0.35929548740386963, 0.3659491240978241, 0.3671232759952545, 0.38003912568092346, 0.3651663362979889, 0.37847357988357544, 0.3643835484981537, 0.38825830817222595], "val_loss": [1.733721375465393, 1.6389682292938232, 1.6108338832855225, 1.5741115808486938, 1.5408598184585571, 1.5429821014404297, 1.4931856393814087, 1.4995619058609009, 1.5284727811813354, 1.5155048370361328, 1.5145399570465088, 1.4858174324035645, 1.4488774538040161, 1.4088635444641113, 1.4251208305358887, 1.4152956008911133, 1.412052035331726, 1.4062117338180542, 1.4343764781951904, 1.4353957176208496, 1.4405468702316284, 1.4691579341888428, 1.4560980796813965]}