{"accuracy": [0.9088062644004822, 0.923385500907898, 0.925146758556366, 0.9236790537834167, 0.9438356161117554, 0.941585123538971], "loss": [0.28374725580215454, 0.25729599595069885, 0.23448121547698975, 0.24562706053256989, 0.19169890880584717, 0.20729906857013702], "val_accuracy": [0.7205479741096497, 0.4814090132713318, 0.7287670969963074, 0.7256360054016113, 0.603131115436554, 0.5643835663795471], "val_loss": [0.9950960874557495, 4.027270793914795, 1.0452336072921753, 1.1006661653518677, 2.9062235355377197, 2.9617366790771484]}