{"accuracy": [0.753522515296936, 0.8146771192550659, 0.8457925915718079, 0.870939314365387, 0.8984344601631165, 0.9101760983467102], "loss": [0.7699766755104065, 0.5585989356040955, 0.4839095175266266, 0.41081008315086365, 0.3289269804954529, 0.3023085296154022], "val_accuracy": [0.4183953106403351, 0.15420743823051453, 0.2324853241443634, 0.15420743823051453, 0.1792563647031784, 0.24500977993011475], "val_loss": [2.011535167694092, 27.239763259887695, 3.9325976371765137, 98.02400207519531, 9.072915077209473, 3.6349711418151855]}