{"test_loss": 2.9406802654266357, "test_accuracy": 0.5491899251937866}